policy_id,organisation,document,version,url,status,text
"LFI-001","La France insoumise","Avenir en commun 2025","2025","https://programme.lafranceinsoumise.fr/wp-content/uploads/2025/avenir_en_commun_2025.pdf","current_base","Convoquer une Assemblée constituante pour passer à la 6e République"
"LFI-002","La France insoumise","Avenir en commun 2025","2025","https://programme.lafranceinsoumise.fr/wp-content/uploads/2025/avenir_en_commun_2025.pdf","current_base","Instaurer le référendum d'initiative citoyenne"
"LFI-003","La France insoumise","Avenir en commun 2025","2025","https://programme.lafranceinsoumise.fr/wp-content/uploads/2025/avenir_en_commun_2025.pdf","current_base","Porter le SMIC à un niveau supérieur"
"LFI-004","La France insoumise","Avenir en commun 2025","2025","https://programme.lafranceinsoumise.fr/wp-content/uploads/2025/avenir_en_commun_2025.pdf","current_base","Rétablir la retraite à 60 ans"
"LFI-005","La France insoumise","Avenir en commun 2025","2025","https://programme.lafranceinsoumise.fr/wp-content/uploads/2025/avenir_en_commun_2025.pdf","current_base","Bloquer les prix des produits de première nécessité"
"LFI-006","La France insoumise","Avenir en commun 2025","2025","https://programme.lafranceinsoumise.fr/wp-content/uploads/2025/avenir_en_commun_2025.pdf","current_base","Renforcer la progressivité de l'impôt"
"LFI-007","La France insoumise","Avenir en commun 2025","2025","https://programme.lafranceinsoumise.fr/wp-content/uploads/2025/avenir_en_commun_2025.pdf","current_base","Planifier la bifurcation écologique"
"LFI-008","La France insoumise","Avenir en commun 2025","2025","https://programme.lafranceinsoumise.fr/wp-content/uploads/2025/avenir_en_commun_2025.pdf","current_base","Développer les services publics de santé"
"LFI-009","La France insoumise","Avenir en commun 2025","2025","https://programme.lafranceinsoumise.fr/wp-content/uploads/2025/avenir_en_commun_2025.pdf","current_base","Renforcer les moyens de l'éducation publique"
"LFI-010","La France insoumise","Avenir en commun 2025","2025","https://programme.lafranceinsoumise.fr/wp-content/uploads/2025/avenir_en_commun_2025.pdf","current_base","Développer le rail et les transports collectifs"
"RN-001","Rassemblement National","Législatives 2024","2024","https://rassemblementnational.fr/legislatives-2024","historical_test","Réduire drastiquement l'immigration légale et illégale"
"RN-002","Rassemblement National","Législatives 2024","2024","https://rassemblementnational.fr/legislatives-2024","historical_test","Expulser les délinquants étrangers"
"RN-003","Rassemblement National","Législatives 2024","2024","https://rassemblementnational.fr/legislatives-2024","historical_test","Développer les circuits courts agricoles"
"RN-004","Rassemblement National","Législatives 2024","2024","https://rassemblementnational.fr/legislatives-2024","historical_test","Réduire les déserts médicaux"
"RN-005","Rassemblement National","Législatives 2024","2024","https://rassemblementnational.fr/legislatives-2024","historical_test","Soutenir l'hôpital public"
"RN-006","Rassemblement National","Législatives 2024","2024","https://rassemblementnational.fr/legislatives-2024","historical_test","Sécuriser l'approvisionnement en médicaments"
"RN-007","Rassemblement National","Européennes 2024","2024","https://rassemblementnational.fr/documents/202411-programme-europeennes.pdf","historical_test","Restreindre la libre circulation Schengen aux ressortissants des pays membres"
"RN-008","Rassemblement National","Européennes 2024","2024","https://rassemblementnational.fr/documents/202411-programme-europeennes.pdf","historical_test","Conditionner les aides au développement versées à des États tiers"
"RN-009","Rassemblement National","Européennes 2024","2024","https://rassemblementnational.fr/documents/202411-programme-europeennes.pdf","historical_test","Organiser un référendum sur la primauté de la Constitution française"
"RN-010","Rassemblement National","Européennes 2024","2024","https://rassemblementnational.fr/documents/202411-programme-europeennes.pdf","historical_test","Organiser le traitement de demandes d'asile dans les ambassades et consulats"
"RUCHE-001","Les Ruches","La Voie / Projet 2027","2027","https://ruches.org/le-projet","current","Garantir les services publics essentiels"
"RUCHE-002","Les Ruches","La Voie / Projet 2027","2027","https://ruches.org/le-projet","current","Créer un défenseur des peuples"
"RUCHE-003","Les Ruches","La Voie / Projet 2027","2027","https://ruches.org/le-projet","current","Rendre automatiques les minima sociaux"
"RUCHE-004","Les Ruches","La Voie / Projet 2027","2027","https://ruches.org/le-projet","current","Éradiquer les déserts médicaux"
"RUCHE-005","Les Ruches","La Voie / Projet 2027","2027","https://ruches.org/le-projet","current","Supprimer plus de 300 taxes, cotisations et impôts"
"RUCHE-006","Les Ruches","La Voie / Projet 2027","2027","https://ruches.org/le-projet","current","Supprimer les régions et déconcentrer les services de l'État"
"RUCHE-007","Les Ruches","La Voie / Projet 2027","2027","https://ruches.org/le-projet","current","Fusionner plus de 100 organismes administratifs et 500 opérateurs d'État"
"RUCHE-008","Les Ruches","La Voie / Projet 2027","2027","https://ruches.org/le-projet","current","Baisser les prélèvements obligatoires et les dépenses publiques"
"RUCHE-009","Les Ruches","La Voie / Projet 2027","2027","https://ruches.org/le-projet","current","Mettre fin au contrôle des puissances privées sur les médias"
"RUCHE-010","Les Ruches","La Voie / Projet 2027","2027","https://ruches.org/le-projet","current","Démocratiser la justice"
"ECO-001","Les Écologistes","Propositions incendies 2026","2026-07-27","https://lesecologistes.fr/posts/2w5Lv7XGJ0xJwYUaeJGNro/proteger-nos-propositions-face-aux-incendies","current","Renforcer la prévention des incendies"
"ECO-002","Les Écologistes","Propositions incendies 2026","2026-07-27","https://lesecologistes.fr/posts/2w5Lv7XGJ0xJwYUaeJGNro/proteger-nos-propositions-face-aux-incendies","current","Renforcer les capacités d'intervention contre les incendies"
"ECO-003","Les Écologistes","Propositions incendies 2026","2026-07-27","https://lesecologistes.fr/posts/2w5Lv7XGJ0xJwYUaeJGNro/proteger-nos-propositions-face-aux-incendies","current","Adapter les territoires au risque structurel d'incendie"
"ECO-004","Les Écologistes","Pouvoir d'achat 2026","2026-09-12","https://lesecologistes.fr","current","Mettre en place un bouclier social et environnemental pour le pouvoir d'achat"
"ECO-005","Les Écologistes","Éducation 2026","2026-08-31","https://lesecologistes.fr","current","Répondre à l'urgence pédagogique et écologique dans l'Éducation nationale"
"ECO-006","Les Écologistes","Héritage 2026","2026-08-26","https://lesecologistes.fr","current","Mobiliser la grande transmission pour financer la transition"
"ECO-007","Les Écologistes","Numérique 2026","2026-07-01","https://lesecologistes.fr","current","Renforcer la souveraineté et la diversité numériques"
"ECO-008","Les Écologistes","Santé reproductive 2026","2026-09-09","https://lesecologistes.fr","current","Renforcer la santé reproductive"
"ECO-009","Les Écologistes","Littoraux 2026","2026-09-14","https://lesecologistes.fr","current","Protéger et adapter les littoraux"
"ECO-010","Les Écologistes","Enfance 2026","2026-09-17","https://lesecologistes.fr","current","Renforcer les politiques publiques en faveur de l'enfance"
"UPR-001","UPR","Programme présidentiel 2022","2022","https://upr.fr/notre-programme","historical_test","Sortir de l'Union européenne"
"UPR-002","UPR","Programme présidentiel 2022","2022","https://upr.fr/notre-programme","historical_test","Sortir de l'euro"
"UPR-003","UPR","Programme présidentiel 2022","2022","https://upr.fr/notre-programme","historical_test","Sortir de l'OTAN"
"UPR-004","UPR","Programme présidentiel 2022","2022","https://upr.fr/notre-programme","historical_test","Rétablir la souveraineté nationale sur les politiques publiques"
"UPR-005","UPR","Programme présidentiel 2022","2022","https://upr.fr/notre-programme","historical_test","Réorganiser l'administration territoriale"
"UPR-006","UPR","Programme présidentiel 2022","2022","https://upr.fr/notre-programme","historical_test","Renforcer les services publics"
"UPR-007","UPR","Programme présidentiel 2022","2022","https://upr.fr/notre-programme","historical_test","Réexaminer les privatisations stratégiques"
"UPR-008","UPR","Programme présidentiel 2022","2022","https://upr.fr/notre-programme","historical_test","Renforcer l'indépendance de la politique étrangère"
"UPR-009","UPR","Programme présidentiel 2022","2022","https://upr.fr/notre-programme","historical_test","Réformer les institutions démocratiques"
"UPR-010","UPR","Programme présidentiel 2022","2022","https://upr.fr/notre-programme","historical_test","Réorienter les politiques économiques après sortie des traités européens"
